model,rmse_mean,rmse_std
HistGradientBoosting,9.915410170373237,0.26199814872042515
Ridge,9.939671724131635,0.23805976683347646
RandomForest,10.030360185350508,0.26815307396662236
